{"cameraMode":{"drawMode":0,"name":"Shaded","section":"Shading Mode"},"sceneLighting":true,"audioPlay":false,"sceneViewState":{"m_AlwaysRefresh":false,"showFog":true,"showSkybox":true,"showFlares":true,"showImageEffects":true,"showParticleSystems":true,"showVisualEffectGraphs":true,"m_FxEnabled":true},"in2DMode":false,"pivot":{"x":-2.549999952316284,"y":0.8199999332427979,"z":1.3600000143051148},"rotation":{"x":-0.0027511343359947206,"y":0.9629188179969788,"z":-0.26960811018943789,"w":-0.009825807064771653},"size":4.604087829589844,"orthographic":false}